Package,UUID,Type,SHA1,Size,Dynamic,Reason
bH7wBDEh.ColliderCommon_sbxoOrzk,89p60ls4wg4-lpuplinv-ot9169p3iab-h5FECb0b-collider,Collider,U3UVTs8cJu1QS14fW+Zs/2g/KVY=,66,,
bH7wBDEh.ColliderCommon_sbxoOrzk,89p60ls4wg4-lpuplinv-ot9169p3iab-6nJyfDyd-collider,Collider,lk0xlrRV05gBPQ4s6Cvt0IRXFaA=,66,,
bH7wBDEh.ColliderCommon_sbxoOrzk,89p60ls4wg4-lpuplinv-ot9169p3iab-pYYgWKgm-collider,Collider,lk0xlrRV05gBPQ4s6Cvt0IRXFaA=,66,,
bH7wBDEh.ColliderCommon_sbxoOrzk,89p60ls4wg4-lpuplinv-ot9169p3iab-64JDLn9w-collider,Collider,lk0xlrRV05gBPQ4s6Cvt0IRXFaA=,66,,
bH7wBDEh.ColliderCommon_pSB9RYZU,89p60ls4wg4-lpuplinv-ot9169p3iab-1zA3M4Sr-collider,Collider,lk0xlrRV05gBPQ4s6Cvt0IRXFaA=,66,,
bH7wBDEh.ColliderCommon_pSB9RYZU,89p60ls4wg4-lpuplinv-ot9169p3iab-wZha940X-collider,Collider,lk0xlrRV05gBPQ4s6Cvt0IRXFaA=,66,,
bH7wBDEh.ColliderCommon_pSB9RYZU,89p60ls4wg4-lpuplinv-ot9169p3iab-RBfFRRER-collider,Collider,lk0xlrRV05gBPQ4s6Cvt0IRXFaA=,66,,
bH7wBDEh.ColliderCommon_pSB9RYZU,89p60ls4wg4-lpuplinv-ot9169p3iab-eOTziOkq-collider,Collider,lk0xlrRV05gBPQ4s6Cvt0IRXFaA=,66,,
bH7wBDEh.ColliderCommon_pSB9RYZU,89p60ls4wg4-lpuplinv-ot9169p3iab-OQpbmG7U-collider,Collider,lk0xlrRV05gBPQ4s6Cvt0IRXFaA=,66,,
bH7wBDEh.ColliderCommon_pSB9RYZU,89p60ls4wg4-lpuplinv-ot9169p3iab-X6KqEl2x-collider,Collider,lk0xlrRV05gBPQ4s6Cvt0IRXFaA=,66,,
bH7wBDEh.ColliderCommon_pSB9RYZU,89p60ls4wg4-lpuplinv-ot9169p3iab-0PLSFICj-collider,Collider,lk0xlrRV05gBPQ4s6Cvt0IRXFaA=,66,,
bH7wBDEh.ColliderCommon_pSB9RYZU,89p60ls4wg4-lpuplinv-ot9169p3iab-xp9pDezJ-collider,Collider,lk0xlrRV05gBPQ4s6Cvt0IRXFaA=,66,,
bH7wBDEh.ColliderCommon_ExO0KLeS,89p60ls4wg4-lpuplinv-ot9169p3iab-UqWV7MQK-collider,Collider,byjy7b3K2xq0weARQHx3GnkRsho=,66,,
bH7wBDEh.ColliderCommon_gJOFeWr1,89p60ls4wg4-lpuplinv-ot9169p3iab-RQd2NTuu-collider,Collider,byjy7b3K2xq0weARQHx3GnkRsho=,66,,
bH7wBDEh.ColliderCommon_gJOFeWr1,89p60ls4wg4-lpuplinv-ot9169p3iab-J51uaotp-collider,Collider,byjy7b3K2xq0weARQHx3GnkRsho=,66,,
bH7wBDEh.ColliderCommon_gJOFeWr1,89p60ls4wg4-lpuplinv-ot9169p3iab-5QGGQmRs-collider,Collider,byjy7b3K2xq0weARQHx3GnkRsho=,66,,